{
  "0": {
    "precision": 0.9804727646454265,
    "recall": 1.0,
    "f1-score": 0.9901401141670991,
    "support": 954.0
  },
  "1": {
    "precision": 1.0,
    "recall": 0.8819875776397516,
    "f1-score": 0.9372937293729373,
    "support": 161.0
  },
  "accuracy": 0.9829596412556054,
  "macro avg": {
    "precision": 0.9902363823227133,
    "recall": 0.9409937888198758,
    "f1-score": 0.9637169217700182,
    "support": 1115.0
  },
  "weighted avg": {
    "precision": 0.9832923923513335,
    "recall": 0.9829596412556054,
    "f1-score": 0.982509380577987,
    "support": 1115.0
  }
}